condition_id,task,distractor_type,noise_count,gold_count,menu_size,gold_fraction,gold_positions
3d-scan-calc|shared|n0,3d-scan-calc,shared,0,1,1,1.0,1
3d-scan-calc|random|n2,3d-scan-calc,random,2,1,3,0.3333333333333333,1
3d-scan-calc|hard|n2,3d-scan-calc,hard,2,1,3,0.3333333333333333,3
3d-scan-calc|random|n5,3d-scan-calc,random,5,1,6,0.16666666666666666,1
3d-scan-calc|hard|n5,3d-scan-calc,hard,5,1,6,0.16666666666666666,4
3d-scan-calc|random|n10,3d-scan-calc,random,10,1,11,0.09090909090909091,4
3d-scan-calc|hard|n10,3d-scan-calc,hard,10,1,11,0.09090909090909091,6
3d-scan-calc|random|n20,3d-scan-calc,random,20,1,21,0.047619047619047616,9
3d-scan-calc|hard|n20,3d-scan-calc,hard,20,1,21,0.047619047619047616,9
adaptive-cruise-control|shared|n0,adaptive-cruise-control,shared,0,5,5,1.0,1;2;3;4;5
adaptive-cruise-control|random|n2,adaptive-cruise-control,random,2,5,7,0.7142857142857143,1;2;3;6;7
adaptive-cruise-control|hard|n2,adaptive-cruise-control,hard,2,5,7,0.7142857142857143,1;2;3;5;7
adaptive-cruise-control|random|n5,adaptive-cruise-control,random,5,5,10,0.5,1;2;3;7;8
adaptive-cruise-control|hard|n5,adaptive-cruise-control,hard,5,5,10,0.5,1;2;4;7;9
adaptive-cruise-control|random|n10,adaptive-cruise-control,random,10,5,15,0.3333333333333333,2;3;6;11;13
adaptive-cruise-control|hard|n10,adaptive-cruise-control,hard,10,5,15,0.3333333333333333,2;3;5;9;11
adaptive-cruise-control|random|n20,adaptive-cruise-control,random,20,5,25,0.2,4;5;9;15;18
adaptive-cruise-control|hard|n20,adaptive-cruise-control,hard,20,5,25,0.2,3;4;7;16;18
azure-bgp-oscillation-route-leak|shared|n0,azure-bgp-oscillation-route-leak,shared,0,1,1,1.0,1
azure-bgp-oscillation-route-leak|random|n2,azure-bgp-oscillation-route-leak,random,2,1,3,0.3333333333333333,3
azure-bgp-oscillation-route-leak|hard|n2,azure-bgp-oscillation-route-leak,hard,2,1,3,0.3333333333333333,1
azure-bgp-oscillation-route-leak|random|n5,azure-bgp-oscillation-route-leak,random,5,1,6,0.16666666666666666,4
azure-bgp-oscillation-route-leak|hard|n5,azure-bgp-oscillation-route-leak,hard,5,1,6,0.16666666666666666,4
azure-bgp-oscillation-route-leak|random|n10,azure-bgp-oscillation-route-leak,random,10,1,11,0.09090909090909091,7
azure-bgp-oscillation-route-leak|hard|n10,azure-bgp-oscillation-route-leak,hard,10,1,11,0.09090909090909091,6
azure-bgp-oscillation-route-leak|random|n20,azure-bgp-oscillation-route-leak,random,20,1,21,0.047619047619047616,14
azure-bgp-oscillation-route-leak|hard|n20,azure-bgp-oscillation-route-leak,hard,20,1,21,0.047619047619047616,10
citation-check|shared|n0,citation-check,shared,0,1,1,1.0,1
citation-check|random|n2,citation-check,random,2,1,3,0.3333333333333333,1
citation-check|hard|n2,citation-check,hard,2,1,3,0.3333333333333333,2
citation-check|random|n5,citation-check,random,5,1,6,0.16666666666666666,2
citation-check|hard|n5,citation-check,hard,5,1,6,0.16666666666666666,3
citation-check|random|n10,citation-check,random,10,1,11,0.09090909090909091,4
citation-check|hard|n10,citation-check,hard,10,1,11,0.09090909090909091,4
citation-check|random|n20,citation-check,random,20,1,21,0.047619047619047616,8
citation-check|hard|n20,citation-check,hard,20,1,21,0.047619047619047616,6
civ6-adjacency-optimizer|shared|n0,civ6-adjacency-optimizer,shared,0,4,4,1.0,1;2;3;4
civ6-adjacency-optimizer|random|n2,civ6-adjacency-optimizer,random,2,4,6,0.6666666666666666,1;2;4;5
civ6-adjacency-optimizer|hard|n2,civ6-adjacency-optimizer,hard,2,4,6,0.6666666666666666,1;3;5;6
civ6-adjacency-optimizer|random|n5,civ6-adjacency-optimizer,random,5,4,9,0.4444444444444444,2;4;6;7
civ6-adjacency-optimizer|hard|n5,civ6-adjacency-optimizer,hard,5,4,9,0.4444444444444444,1;6;8;9
civ6-adjacency-optimizer|random|n10,civ6-adjacency-optimizer,random,10,4,14,0.2857142857142857,2;6;9;12
civ6-adjacency-optimizer|hard|n10,civ6-adjacency-optimizer,hard,10,4,14,0.2857142857142857,1;7;12;14
civ6-adjacency-optimizer|random|n20,civ6-adjacency-optimizer,random,20,4,24,0.16666666666666666,2;9;15;19
civ6-adjacency-optimizer|hard|n20,civ6-adjacency-optimizer,hard,20,4,24,0.16666666666666666,2;10;19;22
court-form-filling|shared|n0,court-form-filling,shared,0,1,1,1.0,1
court-form-filling|random|n2,court-form-filling,random,2,1,3,0.3333333333333333,2
court-form-filling|hard|n2,court-form-filling,hard,2,1,3,0.3333333333333333,3
court-form-filling|random|n5,court-form-filling,random,5,1,6,0.16666666666666666,5
court-form-filling|hard|n5,court-form-filling,hard,5,1,6,0.16666666666666666,6
court-form-filling|random|n10,court-form-filling,random,10,1,11,0.09090909090909091,8
court-form-filling|hard|n10,court-form-filling,hard,10,1,11,0.09090909090909091,9
court-form-filling|random|n20,court-form-filling,random,20,1,21,0.047619047619047616,15
court-form-filling|hard|n20,court-form-filling,hard,20,1,21,0.047619047619047616,18
crystallographic-wyckoff-position-analysis|shared|n0,crystallographic-wyckoff-position-analysis,shared,0,2,2,1.0,1;2
crystallographic-wyckoff-position-analysis|random|n2,crystallographic-wyckoff-position-analysis,random,2,2,4,0.5,1;3
crystallographic-wyckoff-position-analysis|hard|n2,crystallographic-wyckoff-position-analysis,hard,2,2,4,0.5,1;2
crystallographic-wyckoff-position-analysis|random|n5,crystallographic-wyckoff-position-analysis,random,5,2,7,0.2857142857142857,1;4
crystallographic-wyckoff-position-analysis|hard|n5,crystallographic-wyckoff-position-analysis,hard,5,2,7,0.2857142857142857,1;3
crystallographic-wyckoff-position-analysis|random|n10,crystallographic-wyckoff-position-analysis,random,10,2,12,0.16666666666666666,3;7
crystallographic-wyckoff-position-analysis|hard|n10,crystallographic-wyckoff-position-analysis,hard,10,2,12,0.16666666666666666,3;5
crystallographic-wyckoff-position-analysis|random|n20,crystallographic-wyckoff-position-analysis,random,20,2,22,0.09090909090909091,5;10
crystallographic-wyckoff-position-analysis|hard|n20,crystallographic-wyckoff-position-analysis,hard,20,2,22,0.09090909090909091,4;8
dapt-intrusion-detection|shared|n0,dapt-intrusion-detection,shared,0,2,2,1.0,1;2
dapt-intrusion-detection|random|n2,dapt-intrusion-detection,random,2,2,4,0.5,3;4
dapt-intrusion-detection|hard|n2,dapt-intrusion-detection,hard,2,2,4,0.5,1;2
dapt-intrusion-detection|random|n5,dapt-intrusion-detection,random,5,2,7,0.2857142857142857,5;6
dapt-intrusion-detection|hard|n5,dapt-intrusion-detection,hard,5,2,7,0.2857142857142857,1;3
dapt-intrusion-detection|random|n10,dapt-intrusion-detection,random,10,2,12,0.16666666666666666,7;9
dapt-intrusion-detection|hard|n10,dapt-intrusion-detection,hard,10,2,12,0.16666666666666666,2;8
dapt-intrusion-detection|random|n20,dapt-intrusion-detection,random,20,2,22,0.09090909090909091,13;18
dapt-intrusion-detection|hard|n20,dapt-intrusion-detection,hard,20,2,22,0.09090909090909091,6;17
data-to-d3|shared|n0,data-to-d3,shared,0,1,1,1.0,1
data-to-d3|random|n2,data-to-d3,random,2,1,3,0.3333333333333333,1
data-to-d3|hard|n2,data-to-d3,hard,2,1,3,0.3333333333333333,1
data-to-d3|random|n5,data-to-d3,random,5,1,6,0.16666666666666666,1
data-to-d3|hard|n5,data-to-d3,hard,5,1,6,0.16666666666666666,1
data-to-d3|random|n10,data-to-d3,random,10,1,11,0.09090909090909091,2
data-to-d3|hard|n10,data-to-d3,hard,10,1,11,0.09090909090909091,2
data-to-d3|random|n20,data-to-d3,random,20,1,21,0.047619047619047616,2
data-to-d3|hard|n20,data-to-d3,hard,20,1,21,0.047619047619047616,4
dialogue-parser|shared|n0,dialogue-parser,shared,0,1,1,1.0,1
dialogue-parser|random|n2,dialogue-parser,random,2,1,3,0.3333333333333333,1
dialogue-parser|hard|n2,dialogue-parser,hard,2,1,3,0.3333333333333333,1
dialogue-parser|random|n5,dialogue-parser,random,5,1,6,0.16666666666666666,1
dialogue-parser|hard|n5,dialogue-parser,hard,5,1,6,0.16666666666666666,1
dialogue-parser|random|n10,dialogue-parser,random,10,1,11,0.09090909090909091,1
dialogue-parser|hard|n10,dialogue-parser,hard,10,1,11,0.09090909090909091,2
dialogue-parser|random|n20,dialogue-parser,random,20,1,21,0.047619047619047616,1
dialogue-parser|hard|n20,dialogue-parser,hard,20,1,21,0.047619047619047616,4
dynamic-object-aware-egomotion|shared|n0,dynamic-object-aware-egomotion,shared,0,4,4,1.0,1;2;3;4
dynamic-object-aware-egomotion|random|n2,dynamic-object-aware-egomotion,random,2,4,6,0.6666666666666666,1;4;5;6
dynamic-object-aware-egomotion|hard|n2,dynamic-object-aware-egomotion,hard,2,4,6,0.6666666666666666,1;3;4;6
dynamic-object-aware-egomotion|random|n5,dynamic-object-aware-egomotion,random,5,4,9,0.4444444444444444,1;7;8;9
dynamic-object-aware-egomotion|hard|n5,dynamic-object-aware-egomotion,hard,5,4,9,0.4444444444444444,1;6;7;9
dynamic-object-aware-egomotion|random|n10,dynamic-object-aware-egomotion,random,10,4,14,0.2857142857142857,1;11;12;14
dynamic-object-aware-egomotion|hard|n10,dynamic-object-aware-egomotion,hard,10,4,14,0.2857142857142857,1;10;12;14
dynamic-object-aware-egomotion|random|n20,dynamic-object-aware-egomotion,random,20,4,24,0.16666666666666666,2;20;22;24
dynamic-object-aware-egomotion|hard|n20,dynamic-object-aware-egomotion,hard,20,4,24,0.16666666666666666,2;20;22;24
earthquake-phase-association|shared|n0,earthquake-phase-association,shared,0,4,4,1.0,1;2;3;4
earthquake-phase-association|random|n2,earthquake-phase-association,random,2,4,6,0.6666666666666666,2;3;5;6
earthquake-phase-association|hard|n2,earthquake-phase-association,hard,2,4,6,0.6666666666666666,2;3;4;5
earthquake-phase-association|random|n5,earthquake-phase-association,random,5,4,9,0.4444444444444444,3;4;6;7
earthquake-phase-association|hard|n5,earthquake-phase-association,hard,5,4,9,0.4444444444444444,3;4;5;6
earthquake-phase-association|random|n10,earthquake-phase-association,random,10,4,14,0.2857142857142857,4;5;8;9
earthquake-phase-association|hard|n10,earthquake-phase-association,hard,10,4,14,0.2857142857142857,3;4;6;7
earthquake-phase-association|random|n20,earthquake-phase-association,random,20,4,24,0.16666666666666666,9;10;14;15
earthquake-phase-association|hard|n20,earthquake-phase-association,hard,20,4,24,0.16666666666666666,4;6;8;9
earthquake-plate-calculation|shared|n0,earthquake-plate-calculation,shared,0,1,1,1.0,1
earthquake-plate-calculation|random|n2,earthquake-plate-calculation,random,2,1,3,0.3333333333333333,2
earthquake-plate-calculation|hard|n2,earthquake-plate-calculation,hard,2,1,3,0.3333333333333333,1
earthquake-plate-calculation|random|n5,earthquake-plate-calculation,random,5,1,6,0.16666666666666666,3
earthquake-plate-calculation|hard|n5,earthquake-plate-calculation,hard,5,1,6,0.16666666666666666,3
earthquake-plate-calculation|random|n10,earthquake-plate-calculation,random,10,1,11,0.09090909090909091,6
earthquake-plate-calculation|hard|n10,earthquake-plate-calculation,hard,10,1,11,0.09090909090909091,4
earthquake-plate-calculation|random|n20,earthquake-plate-calculation,random,20,1,21,0.047619047619047616,13
earthquake-plate-calculation|hard|n20,earthquake-plate-calculation,hard,20,1,21,0.047619047619047616,13
econ-detrending-correlation|shared|n0,econ-detrending-correlation,shared,0,1,1,1.0,1
econ-detrending-correlation|random|n2,econ-detrending-correlation,random,2,1,3,0.3333333333333333,3
econ-detrending-correlation|hard|n2,econ-detrending-correlation,hard,2,1,3,0.3333333333333333,2
econ-detrending-correlation|random|n5,econ-detrending-correlation,random,5,1,6,0.16666666666666666,5
econ-detrending-correlation|hard|n5,econ-detrending-correlation,hard,5,1,6,0.16666666666666666,5
econ-detrending-correlation|random|n10,econ-detrending-correlation,random,10,1,11,0.09090909090909091,9
econ-detrending-correlation|hard|n10,econ-detrending-correlation,hard,10,1,11,0.09090909090909091,7
econ-detrending-correlation|random|n20,econ-detrending-correlation,random,20,1,21,0.047619047619047616,16
econ-detrending-correlation|hard|n20,econ-detrending-correlation,hard,20,1,21,0.047619047619047616,12
energy-ac-optimal-power-flow|shared|n0,energy-ac-optimal-power-flow,shared,0,3,3,1.0,1;2;3
energy-ac-optimal-power-flow|random|n2,energy-ac-optimal-power-flow,random,2,3,5,0.6,1;4;5
energy-ac-optimal-power-flow|hard|n2,energy-ac-optimal-power-flow,hard,2,3,5,0.6,1;4;5
energy-ac-optimal-power-flow|random|n5,energy-ac-optimal-power-flow,random,5,3,8,0.375,1;5;8
energy-ac-optimal-power-flow|hard|n5,energy-ac-optimal-power-flow,hard,5,3,8,0.375,1;7;8
energy-ac-optimal-power-flow|random|n10,energy-ac-optimal-power-flow,random,10,3,13,0.23076923076923078,1;9;13
energy-ac-optimal-power-flow|hard|n10,energy-ac-optimal-power-flow,hard,10,3,13,0.23076923076923078,1;10;13
energy-ac-optimal-power-flow|random|n20,energy-ac-optimal-power-flow,random,20,3,23,0.13043478260869565,2;18;23
energy-ac-optimal-power-flow|hard|n20,energy-ac-optimal-power-flow,hard,20,3,23,0.13043478260869565,2;19;23
energy-market-pricing|shared|n0,energy-market-pricing,shared,0,4,4,1.0,1;2;3;4
energy-market-pricing|random|n2,energy-market-pricing,random,2,4,6,0.6666666666666666,1;2;3;4
energy-market-pricing|hard|n2,energy-market-pricing,hard,2,4,6,0.6666666666666666,1;2;3;4
energy-market-pricing|random|n5,energy-market-pricing,random,5,4,9,0.4444444444444444,1;2;3;4
energy-market-pricing|hard|n5,energy-market-pricing,hard,5,4,9,0.4444444444444444,1;2;3;5
energy-market-pricing|random|n10,energy-market-pricing,random,10,4,14,0.2857142857142857,1;2;3;4
energy-market-pricing|hard|n10,energy-market-pricing,hard,10,4,14,0.2857142857142857,1;2;3;5
energy-market-pricing|random|n20,energy-market-pricing,random,20,4,24,0.16666666666666666,1;2;3;4
energy-market-pricing|hard|n20,energy-market-pricing,hard,20,4,24,0.16666666666666666,2;3;4;7
enterprise-information-search|shared|n0,enterprise-information-search,shared,0,1,1,1.0,1
enterprise-information-search|random|n2,enterprise-information-search,random,2,1,3,0.3333333333333333,2
enterprise-information-search|hard|n2,enterprise-information-search,hard,2,1,3,0.3333333333333333,2
enterprise-information-search|random|n5,enterprise-information-search,random,5,1,6,0.16666666666666666,2
enterprise-information-search|hard|n5,enterprise-information-search,hard,5,1,6,0.16666666666666666,3
enterprise-information-search|random|n10,enterprise-information-search,random,10,1,11,0.09090909090909091,4
enterprise-information-search|hard|n10,enterprise-information-search,hard,10,1,11,0.09090909090909091,6
enterprise-information-search|random|n20,enterprise-information-search,random,20,1,21,0.047619047619047616,11
enterprise-information-search|hard|n20,enterprise-information-search,hard,20,1,21,0.047619047619047616,12
exceltable-in-ppt|shared|n0,exceltable-in-ppt,shared,0,2,2,1.0,1;2
exceltable-in-ppt|random|n2,exceltable-in-ppt,random,2,2,4,0.5,2;4
exceltable-in-ppt|hard|n2,exceltable-in-ppt,hard,2,2,4,0.5,1;4
exceltable-in-ppt|random|n5,exceltable-in-ppt,random,5,2,7,0.2857142857142857,2;7
exceltable-in-ppt|hard|n5,exceltable-in-ppt,hard,5,2,7,0.2857142857142857,1;7
exceltable-in-ppt|random|n10,exceltable-in-ppt,random,10,2,12,0.16666666666666666,6;12
exceltable-in-ppt|hard|n10,exceltable-in-ppt,hard,10,2,12,0.16666666666666666,3;12
exceltable-in-ppt|random|n20,exceltable-in-ppt,random,20,2,22,0.09090909090909091,8;22
exceltable-in-ppt|hard|n20,exceltable-in-ppt,hard,20,2,22,0.09090909090909091,7;21
exoplanet-detection-period|shared|n0,exoplanet-detection-period,shared,0,5,5,1.0,1;2;3;4;5
exoplanet-detection-period|random|n2,exoplanet-detection-period,random,2,5,7,0.7142857142857143,1;4;5;6;7
exoplanet-detection-period|hard|n2,exoplanet-detection-period,hard,2,5,7,0.7142857142857143,1;3;4;6;7
exoplanet-detection-period|random|n5,exoplanet-detection-period,random,5,5,10,0.5,1;5;7;9;10
exoplanet-detection-period|hard|n5,exoplanet-detection-period,hard,5,5,10,0.5,1;5;7;9;10
exoplanet-detection-period|random|n10,exoplanet-detection-period,random,10,5,15,0.3333333333333333,1;7;11;13;15
exoplanet-detection-period|hard|n10,exoplanet-detection-period,hard,10,5,15,0.3333333333333333,2;8;11;13;15
exoplanet-detection-period|random|n20,exoplanet-detection-period,random,20,5,25,0.2,2;12;17;21;24
exoplanet-detection-period|hard|n20,exoplanet-detection-period,hard,20,5,25,0.2,3;15;19;21;24
financial-modeling-qa|shared|n0,financial-modeling-qa,shared,0,2,2,1.0,1;2
financial-modeling-qa|random|n2,financial-modeling-qa,random,2,2,4,0.5,1;2
financial-modeling-qa|hard|n2,financial-modeling-qa,hard,2,2,4,0.5,1;2
financial-modeling-qa|random|n5,financial-modeling-qa,random,5,2,7,0.2857142857142857,1;2
financial-modeling-qa|hard|n5,financial-modeling-qa,hard,5,2,7,0.2857142857142857,1;2
financial-modeling-qa|random|n10,financial-modeling-qa,random,10,2,12,0.16666666666666666,1;3
financial-modeling-qa|hard|n10,financial-modeling-qa,hard,10,2,12,0.16666666666666666,1;2
financial-modeling-qa|random|n20,financial-modeling-qa,random,20,2,22,0.09090909090909091,1;5
financial-modeling-qa|hard|n20,financial-modeling-qa,hard,20,2,22,0.09090909090909091,2;3
find-topk-similiar-chemicals|shared|n0,find-topk-similiar-chemicals,shared,0,3,3,1.0,1;2;3
find-topk-similiar-chemicals|random|n2,find-topk-similiar-chemicals,random,2,3,5,0.6,1;2;4
find-topk-similiar-chemicals|hard|n2,find-topk-similiar-chemicals,hard,2,3,5,0.6,1;3;5
find-topk-similiar-chemicals|random|n5,find-topk-similiar-chemicals,random,5,3,8,0.375,1;3;7
find-topk-similiar-chemicals|hard|n5,find-topk-similiar-chemicals,hard,5,3,8,0.375,1;5;7
find-topk-similiar-chemicals|random|n10,find-topk-similiar-chemicals,random,10,3,13,0.23076923076923078,1;5;11
find-topk-similiar-chemicals|hard|n10,find-topk-similiar-chemicals,hard,10,3,13,0.23076923076923078,1;7;12
find-topk-similiar-chemicals|random|n20,find-topk-similiar-chemicals,random,20,3,23,0.13043478260869565,2;8;18
find-topk-similiar-chemicals|hard|n20,find-topk-similiar-chemicals,hard,20,3,23,0.13043478260869565,2;10;21
fix-build-agentops|shared|n0,fix-build-agentops,shared,0,4,4,1.0,1;2;3;4
fix-build-agentops|random|n2,fix-build-agentops,random,2,4,6,0.6666666666666666,2;3;4;5
fix-build-agentops|hard|n2,fix-build-agentops,hard,2,4,6,0.6666666666666666,2;3;4;6
fix-build-agentops|random|n5,fix-build-agentops,random,5,4,9,0.4444444444444444,2;4;6;7
fix-build-agentops|hard|n5,fix-build-agentops,hard,5,4,9,0.4444444444444444,2;4;5;7
fix-build-agentops|random|n10,fix-build-agentops,random,10,4,14,0.2857142857142857,4;7;9;10
fix-build-agentops|hard|n10,fix-build-agentops,hard,10,4,14,0.2857142857142857,2;5;6;8
fix-build-agentops|random|n20,fix-build-agentops,random,20,4,24,0.16666666666666666,5;11;13;15
fix-build-agentops|hard|n20,fix-build-agentops,hard,20,4,24,0.16666666666666666,3;8;9;14
fix-build-google-auto|shared|n0,fix-build-google-auto,shared,0,3,3,1.0,1;2;3
fix-build-google-auto|random|n2,fix-build-google-auto,random,2,3,5,0.6,1;3;4
fix-build-google-auto|hard|n2,fix-build-google-auto,hard,2,3,5,0.6,1;3;4
fix-build-google-auto|random|n5,fix-build-google-auto,random,5,3,8,0.375,1;6;7
fix-build-google-auto|hard|n5,fix-build-google-auto,hard,5,3,8,0.375,1;6;7
fix-build-google-auto|random|n10,fix-build-google-auto,random,10,3,13,0.23076923076923078,2;10;11
fix-build-google-auto|hard|n10,fix-build-google-auto,hard,10,3,13,0.23076923076923078,2;10;11
fix-build-google-auto|random|n20,fix-build-google-auto,random,20,3,23,0.13043478260869565,3;19;20
fix-build-google-auto|hard|n20,fix-build-google-auto,hard,20,3,23,0.13043478260869565,3;18;19
fix-druid-loophole-cve|shared|n0,fix-druid-loophole-cve,shared,0,2,2,1.0,1;2
fix-druid-loophole-cve|random|n2,fix-druid-loophole-cve,random,2,2,4,0.5,2;4
fix-druid-loophole-cve|hard|n2,fix-druid-loophole-cve,hard,2,2,4,0.5,2;4
fix-druid-loophole-cve|random|n5,fix-druid-loophole-cve,random,5,2,7,0.2857142857142857,3;7
fix-druid-loophole-cve|hard|n5,fix-druid-loophole-cve,hard,5,2,7,0.2857142857142857,3;7
fix-druid-loophole-cve|random|n10,fix-druid-loophole-cve,random,10,2,12,0.16666666666666666,5;11
fix-druid-loophole-cve|hard|n10,fix-druid-loophole-cve,hard,10,2,12,0.16666666666666666,6;11
fix-druid-loophole-cve|random|n20,fix-druid-loophole-cve,random,20,2,22,0.09090909090909091,6;17
fix-druid-loophole-cve|hard|n20,fix-druid-loophole-cve,hard,20,2,22,0.09090909090909091,11;20
fix-erlang-ssh-cve|shared|n0,fix-erlang-ssh-cve,shared,0,6,6,1.0,1;2;3;4;5;6
fix-erlang-ssh-cve|random|n2,fix-erlang-ssh-cve,random,2,6,8,0.75,1;2;3;4;5;7
fix-erlang-ssh-cve|hard|n2,fix-erlang-ssh-cve,hard,2,6,8,0.75,2;4;5;6;7;8
fix-erlang-ssh-cve|random|n5,fix-erlang-ssh-cve,random,5,6,11,0.5454545454545454,1;2;3;5;6;10
fix-erlang-ssh-cve|hard|n5,fix-erlang-ssh-cve,hard,5,6,11,0.5454545454545454,3;5;6;8;9;11
fix-erlang-ssh-cve|random|n10,fix-erlang-ssh-cve,random,10,6,16,0.375,1;2;4;6;7;12
fix-erlang-ssh-cve|hard|n10,fix-erlang-ssh-cve,hard,10,6,16,0.375,5;7;9;12;13;15
fix-erlang-ssh-cve|random|n20,fix-erlang-ssh-cve,random,20,6,26,0.23076923076923078,3;4;7;11;12;18
fix-erlang-ssh-cve|hard|n20,fix-erlang-ssh-cve,hard,20,6,26,0.23076923076923078,6;11;13;18;19;25
fix-visual-stability|shared|n0,fix-visual-stability,shared,0,3,3,1.0,1;2;3
fix-visual-stability|random|n2,fix-visual-stability,random,2,3,5,0.6,1;3;5
fix-visual-stability|hard|n2,fix-visual-stability,hard,2,3,5,0.6,1;3;5
fix-visual-stability|random|n5,fix-visual-stability,random,5,3,8,0.375,2;6;8
fix-visual-stability|hard|n5,fix-visual-stability,hard,5,3,8,0.375,1;4;6
fix-visual-stability|random|n10,fix-visual-stability,random,10,3,13,0.23076923076923078,3;9;13
fix-visual-stability|hard|n10,fix-visual-stability,hard,10,3,13,0.23076923076923078,1;6;11
fix-visual-stability|random|n20,fix-visual-stability,random,20,3,23,0.13043478260869565,6;15;21
fix-visual-stability|hard|n20,fix-visual-stability,hard,20,3,23,0.13043478260869565,2;16;21
flink-query|shared|n0,flink-query,shared,0,2,2,1.0,1;2
flink-query|random|n2,flink-query,random,2,2,4,0.5,1;2
flink-query|hard|n2,flink-query,hard,2,2,4,0.5,2;3
flink-query|random|n5,flink-query,random,5,2,7,0.2857142857142857,3;4
flink-query|hard|n5,flink-query,hard,5,2,7,0.2857142857142857,3;4
flink-query|random|n10,flink-query,random,10,2,12,0.16666666666666666,3;4
flink-query|hard|n10,flink-query,hard,10,2,12,0.16666666666666666,4;5
flink-query|random|n20,flink-query,random,20,2,22,0.09090909090909091,4;5
flink-query|hard|n20,flink-query,hard,20,2,22,0.09090909090909091,6;7
flood-risk-analysis|shared|n0,flood-risk-analysis,shared,0,3,3,1.0,1;2;3
flood-risk-analysis|random|n2,flood-risk-analysis,random,2,3,5,0.6,1;3;4
flood-risk-analysis|hard|n2,flood-risk-analysis,hard,2,3,5,0.6,2;3;5
flood-risk-analysis|random|n5,flood-risk-analysis,random,5,3,8,0.375,1;5;7
flood-risk-analysis|hard|n5,flood-risk-analysis,hard,5,3,8,0.375,2;3;8
flood-risk-analysis|random|n10,flood-risk-analysis,random,10,3,13,0.23076923076923078,1;6;11
flood-risk-analysis|hard|n10,flood-risk-analysis,hard,10,3,13,0.23076923076923078,3;5;12
flood-risk-analysis|random|n20,flood-risk-analysis,random,20,3,23,0.13043478260869565,4;12;19
flood-risk-analysis|hard|n20,flood-risk-analysis,hard,20,3,23,0.13043478260869565,4;9;21
gh-repo-analytics|shared|n0,gh-repo-analytics,shared,0,1,1,1.0,1
gh-repo-analytics|random|n2,gh-repo-analytics,random,2,1,3,0.3333333333333333,3
gh-repo-analytics|hard|n2,gh-repo-analytics,hard,2,1,3,0.3333333333333333,3
gh-repo-analytics|random|n5,gh-repo-analytics,random,5,1,6,0.16666666666666666,6
gh-repo-analytics|hard|n5,gh-repo-analytics,hard,5,1,6,0.16666666666666666,6
gh-repo-analytics|random|n10,gh-repo-analytics,random,10,1,11,0.09090909090909091,11
gh-repo-analytics|hard|n10,gh-repo-analytics,hard,10,1,11,0.09090909090909091,10
gh-repo-analytics|random|n20,gh-repo-analytics,random,20,1,21,0.047619047619047616,21
gh-repo-analytics|hard|n20,gh-repo-analytics,hard,20,1,21,0.047619047619047616,20
glm-lake-mendota|shared|n0,glm-lake-mendota,shared,0,3,3,1.0,1;2;3
glm-lake-mendota|random|n2,glm-lake-mendota,random,2,3,5,0.6,1;4;5
glm-lake-mendota|hard|n2,glm-lake-mendota,hard,2,3,5,0.6,1;3;5
glm-lake-mendota|random|n5,glm-lake-mendota,random,5,3,8,0.375,2;6;8
glm-lake-mendota|hard|n5,glm-lake-mendota,hard,5,3,8,0.375,2;5;8
glm-lake-mendota|random|n10,glm-lake-mendota,random,10,3,13,0.23076923076923078,2;9;12
glm-lake-mendota|hard|n10,glm-lake-mendota,hard,10,3,13,0.23076923076923078,3;8;13
glm-lake-mendota|random|n20,glm-lake-mendota,random,20,3,23,0.13043478260869565,5;18;22
glm-lake-mendota|hard|n20,glm-lake-mendota,hard,20,3,23,0.13043478260869565,4;15;21
gravitational-wave-detection|shared|n0,gravitational-wave-detection,shared,0,2,2,1.0,1;2
gravitational-wave-detection|random|n2,gravitational-wave-detection,random,2,2,4,0.5,1;4
gravitational-wave-detection|hard|n2,gravitational-wave-detection,hard,2,2,4,0.5,1;2
gravitational-wave-detection|random|n5,gravitational-wave-detection,random,5,2,7,0.2857142857142857,1;5
gravitational-wave-detection|hard|n5,gravitational-wave-detection,hard,5,2,7,0.2857142857142857,4;5
gravitational-wave-detection|random|n10,gravitational-wave-detection,random,10,2,12,0.16666666666666666,4;10
gravitational-wave-detection|hard|n10,gravitational-wave-detection,hard,10,2,12,0.16666666666666666,6;8
gravitational-wave-detection|random|n20,gravitational-wave-detection,random,20,2,22,0.09090909090909091,7;17
gravitational-wave-detection|hard|n20,gravitational-wave-detection,hard,20,2,22,0.09090909090909091,11;16
grid-dispatch-operator|shared|n0,grid-dispatch-operator,shared,0,3,3,1.0,1;2;3
grid-dispatch-operator|random|n2,grid-dispatch-operator,random,2,3,5,0.6,1;2;5
grid-dispatch-operator|hard|n2,grid-dispatch-operator,hard,2,3,5,0.6,1;2;5
grid-dispatch-operator|random|n5,grid-dispatch-operator,random,5,3,8,0.375,1;2;7
grid-dispatch-operator|hard|n5,grid-dispatch-operator,hard,5,3,8,0.375,1;2;8
grid-dispatch-operator|random|n10,grid-dispatch-operator,random,10,3,13,0.23076923076923078,1;2;12
grid-dispatch-operator|hard|n10,grid-dispatch-operator,hard,10,3,13,0.23076923076923078,1;2;13
grid-dispatch-operator|random|n20,grid-dispatch-operator,random,20,3,23,0.13043478260869565,1;2;22
grid-dispatch-operator|hard|n20,grid-dispatch-operator,hard,20,3,23,0.13043478260869565,1;2;23
hvac-control|shared|n0,hvac-control,shared,0,5,5,1.0,1;2;3;4;5
hvac-control|random|n2,hvac-control,random,2,5,7,0.7142857142857143,1;3;5;6;7
hvac-control|hard|n2,hvac-control,hard,2,5,7,0.7142857142857143,1;3;5;6;7
hvac-control|random|n5,hvac-control,random,5,5,10,0.5,1;3;6;7;9
hvac-control|hard|n5,hvac-control,hard,5,5,10,0.5,1;3;6;8;9
hvac-control|random|n10,hvac-control,random,10,5,15,0.3333333333333333,1;6;10;11;13
hvac-control|hard|n10,hvac-control,hard,10,5,15,0.3333333333333333,2;5;10;13;14
hvac-control|random|n20,hvac-control,random,20,5,25,0.2,1;8;15;18;20
hvac-control|hard|n20,hvac-control,hard,20,5,25,0.2,2;8;15;20;22
invoice-fraud-detection|shared|n0,invoice-fraud-detection,shared,0,3,3,1.0,1;2;3
invoice-fraud-detection|random|n2,invoice-fraud-detection,random,2,3,5,0.6,1;2;4
invoice-fraud-detection|hard|n2,invoice-fraud-detection,hard,2,3,5,0.6,2;3;5
invoice-fraud-detection|random|n5,invoice-fraud-detection,random,5,3,8,0.375,1;3;6
invoice-fraud-detection|hard|n5,invoice-fraud-detection,hard,5,3,8,0.375,5;6;8
invoice-fraud-detection|random|n10,invoice-fraud-detection,random,10,3,13,0.23076923076923078,1;3;8
invoice-fraud-detection|hard|n10,invoice-fraud-detection,hard,10,3,13,0.23076923076923078,7;8;11
invoice-fraud-detection|random|n20,invoice-fraud-detection,random,20,3,23,0.13043478260869565,2;6;13
invoice-fraud-detection|hard|n20,invoice-fraud-detection,hard,20,3,23,0.13043478260869565,12;14;19
jax-computing-basics|shared|n0,jax-computing-basics,shared,0,1,1,1.0,1
jax-computing-basics|random|n2,jax-computing-basics,random,2,1,3,0.3333333333333333,2
jax-computing-basics|hard|n2,jax-computing-basics,hard,2,1,3,0.3333333333333333,2
jax-computing-basics|random|n5,jax-computing-basics,random,5,1,6,0.16666666666666666,4
jax-computing-basics|hard|n5,jax-computing-basics,hard,5,1,6,0.16666666666666666,4
jax-computing-basics|random|n10,jax-computing-basics,random,10,1,11,0.09090909090909091,5
jax-computing-basics|hard|n10,jax-computing-basics,hard,10,1,11,0.09090909090909091,6
jax-computing-basics|random|n20,jax-computing-basics,random,20,1,21,0.047619047619047616,12
jax-computing-basics|hard|n20,jax-computing-basics,hard,20,1,21,0.047619047619047616,12
jpg-ocr-stat|shared|n0,jpg-ocr-stat,shared,0,5,5,1.0,1;2;3;4;5
jpg-ocr-stat|random|n2,jpg-ocr-stat,random,2,5,7,0.7142857142857143,1;2;3;4;7
jpg-ocr-stat|hard|n2,jpg-ocr-stat,hard,2,5,7,0.7142857142857143,1;2;4;5;6
jpg-ocr-stat|random|n5,jpg-ocr-stat,random,5,5,10,0.5,1;2;5;6;10
jpg-ocr-stat|hard|n5,jpg-ocr-stat,hard,5,5,10,0.5,2;3;5;6;7
jpg-ocr-stat|random|n10,jpg-ocr-stat,random,10,5,15,0.3333333333333333,1;2;6;7;13
jpg-ocr-stat|hard|n10,jpg-ocr-stat,hard,10,5,15,0.3333333333333333,3;4;6;7;10
jpg-ocr-stat|random|n20,jpg-ocr-stat,random,20,5,25,0.2,3;4;11;12;22
jpg-ocr-stat|hard|n20,jpg-ocr-stat,hard,20,5,25,0.2,5;6;8;9;16
lab-unit-harmonization|shared|n0,lab-unit-harmonization,shared,0,1,1,1.0,1
lab-unit-harmonization|random|n2,lab-unit-harmonization,random,2,1,3,0.3333333333333333,1
lab-unit-harmonization|hard|n2,lab-unit-harmonization,hard,2,1,3,0.3333333333333333,3
lab-unit-harmonization|random|n5,lab-unit-harmonization,random,5,1,6,0.16666666666666666,3
lab-unit-harmonization|hard|n5,lab-unit-harmonization,hard,5,1,6,0.16666666666666666,5
lab-unit-harmonization|random|n10,lab-unit-harmonization,random,10,1,11,0.09090909090909091,4
lab-unit-harmonization|hard|n10,lab-unit-harmonization,hard,10,1,11,0.09090909090909091,9
lab-unit-harmonization|random|n20,lab-unit-harmonization,random,20,1,21,0.047619047619047616,8
lab-unit-harmonization|hard|n20,lab-unit-harmonization,hard,20,1,21,0.047619047619047616,11
lake-warming-attribution|shared|n0,lake-warming-attribution,shared,0,4,4,1.0,1;2;3;4
lake-warming-attribution|random|n2,lake-warming-attribution,random,2,4,6,0.6666666666666666,1;3;4;5
lake-warming-attribution|hard|n2,lake-warming-attribution,hard,2,4,6,0.6666666666666666,3;4;5;6
lake-warming-attribution|random|n5,lake-warming-attribution,random,5,4,9,0.4444444444444444,2;4;5;6
lake-warming-attribution|hard|n5,lake-warming-attribution,hard,5,4,9,0.4444444444444444,5;6;7;8
lake-warming-attribution|random|n10,lake-warming-attribution,random,10,4,14,0.2857142857142857,2;4;8;9
lake-warming-attribution|hard|n10,lake-warming-attribution,hard,10,4,14,0.2857142857142857,6;7;10;11
lake-warming-attribution|random|n20,lake-warming-attribution,random,20,4,24,0.16666666666666666,9;12;16;17
lake-warming-attribution|hard|n20,lake-warming-attribution,hard,20,4,24,0.16666666666666666,12;13;16;19
latex-formula-extraction|shared|n0,latex-formula-extraction,shared,0,2,2,1.0,1;2
latex-formula-extraction|random|n2,latex-formula-extraction,random,2,2,4,0.5,1;3
latex-formula-extraction|hard|n2,latex-formula-extraction,hard,2,2,4,0.5,1;3
latex-formula-extraction|random|n5,latex-formula-extraction,random,5,2,7,0.2857142857142857,1;4
latex-formula-extraction|hard|n5,latex-formula-extraction,hard,5,2,7,0.2857142857142857,2;5
latex-formula-extraction|random|n10,latex-formula-extraction,random,10,2,12,0.16666666666666666,3;7
latex-formula-extraction|hard|n10,latex-formula-extraction,hard,10,2,12,0.16666666666666666,4;8
latex-formula-extraction|random|n20,latex-formula-extraction,random,20,2,22,0.09090909090909091,4;11
latex-formula-extraction|hard|n20,latex-formula-extraction,hard,20,2,22,0.09090909090909091,6;12
lean4-proof|shared|n0,lean4-proof,shared,0,2,2,1.0,1;2
lean4-proof|random|n2,lean4-proof,random,2,2,4,0.5,1;4
lean4-proof|hard|n2,lean4-proof,hard,2,2,4,0.5,1;4
lean4-proof|random|n5,lean4-proof,random,5,2,7,0.2857142857142857,2;6
lean4-proof|hard|n5,lean4-proof,hard,5,2,7,0.2857142857142857,2;7
lean4-proof|random|n10,lean4-proof,random,10,2,12,0.16666666666666666,4;11
lean4-proof|hard|n10,lean4-proof,hard,10,2,12,0.16666666666666666,2;11
lean4-proof|random|n20,lean4-proof,random,20,2,22,0.09090909090909091,5;20
lean4-proof|hard|n20,lean4-proof,hard,20,2,22,0.09090909090909091,5;21
manufacturing-codebook-normalization|shared|n0,manufacturing-codebook-normalization,shared,0,1,1,1.0,1
manufacturing-codebook-normalization|random|n2,manufacturing-codebook-normalization,random,2,1,3,0.3333333333333333,1
manufacturing-codebook-normalization|hard|n2,manufacturing-codebook-normalization,hard,2,1,3,0.3333333333333333,2
manufacturing-codebook-normalization|random|n5,manufacturing-codebook-normalization,random,5,1,6,0.16666666666666666,3
manufacturing-codebook-normalization|hard|n5,manufacturing-codebook-normalization,hard,5,1,6,0.16666666666666666,4
manufacturing-codebook-normalization|random|n10,manufacturing-codebook-normalization,random,10,1,11,0.09090909090909091,3
manufacturing-codebook-normalization|hard|n10,manufacturing-codebook-normalization,hard,10,1,11,0.09090909090909091,7
manufacturing-codebook-normalization|random|n20,manufacturing-codebook-normalization,random,20,1,21,0.047619047619047616,8
manufacturing-codebook-normalization|hard|n20,manufacturing-codebook-normalization,hard,20,1,21,0.047619047619047616,14
manufacturing-equipment-maintenance|shared|n0,manufacturing-equipment-maintenance,shared,0,2,2,1.0,1;2
manufacturing-equipment-maintenance|random|n2,manufacturing-equipment-maintenance,random,2,2,4,0.5,3;4
manufacturing-equipment-maintenance|hard|n2,manufacturing-equipment-maintenance,hard,2,2,4,0.5,2;4
manufacturing-equipment-maintenance|random|n5,manufacturing-equipment-maintenance,random,5,2,7,0.2857142857142857,5;7
manufacturing-equipment-maintenance|hard|n5,manufacturing-equipment-maintenance,hard,5,2,7,0.2857142857142857,5;7
manufacturing-equipment-maintenance|random|n10,manufacturing-equipment-maintenance,random,10,2,12,0.16666666666666666,7;11
manufacturing-equipment-maintenance|hard|n10,manufacturing-equipment-maintenance,hard,10,2,12,0.16666666666666666,8;11
manufacturing-equipment-maintenance|random|n20,manufacturing-equipment-maintenance,random,20,2,22,0.09090909090909091,15;21
manufacturing-equipment-maintenance|hard|n20,manufacturing-equipment-maintenance,hard,20,2,22,0.09090909090909091,14;18
manufacturing-fjsp-optimization|shared|n0,manufacturing-fjsp-optimization,shared,0,1,1,1.0,1
manufacturing-fjsp-optimization|random|n2,manufacturing-fjsp-optimization,random,2,1,3,0.3333333333333333,2
manufacturing-fjsp-optimization|hard|n2,manufacturing-fjsp-optimization,hard,2,1,3,0.3333333333333333,2
manufacturing-fjsp-optimization|random|n5,manufacturing-fjsp-optimization,random,5,1,6,0.16666666666666666,3
manufacturing-fjsp-optimization|hard|n5,manufacturing-fjsp-optimization,hard,5,1,6,0.16666666666666666,5
manufacturing-fjsp-optimization|random|n10,manufacturing-fjsp-optimization,random,10,1,11,0.09090909090909091,7
manufacturing-fjsp-optimization|hard|n10,manufacturing-fjsp-optimization,hard,10,1,11,0.09090909090909091,7
manufacturing-fjsp-optimization|random|n20,manufacturing-fjsp-optimization,random,20,1,21,0.047619047619047616,10
manufacturing-fjsp-optimization|hard|n20,manufacturing-fjsp-optimization,hard,20,1,21,0.047619047619047616,15
mario-coin-counting|shared|n0,mario-coin-counting,shared,0,3,3,1.0,1;2;3
mario-coin-counting|random|n2,mario-coin-counting,random,2,3,5,0.6,1;4;5
mario-coin-counting|hard|n2,mario-coin-counting,hard,2,3,5,0.6,1;2;3
mario-coin-counting|random|n5,mario-coin-counting,random,5,3,8,0.375,1;6;8
mario-coin-counting|hard|n5,mario-coin-counting,hard,5,3,8,0.375,1;3;5
mario-coin-counting|random|n10,mario-coin-counting,random,10,3,13,0.23076923076923078,1;8;10
mario-coin-counting|hard|n10,mario-coin-counting,hard,10,3,13,0.23076923076923078,3;6;9
mario-coin-counting|random|n20,mario-coin-counting,random,20,3,23,0.13043478260869565,3;15;19
mario-coin-counting|hard|n20,mario-coin-counting,hard,20,3,23,0.13043478260869565,4;11;17
mars-clouds-clustering|shared|n0,mars-clouds-clustering,shared,0,3,3,1.0,1;2;3
mars-clouds-clustering|random|n2,mars-clouds-clustering,random,2,3,5,0.6,1;2;5
mars-clouds-clustering|hard|n2,mars-clouds-clustering,hard,2,3,5,0.6,1;2;5
mars-clouds-clustering|random|n5,mars-clouds-clustering,random,5,3,8,0.375,1;2;6
mars-clouds-clustering|hard|n5,mars-clouds-clustering,hard,5,3,8,0.375,2;3;7
mars-clouds-clustering|random|n10,mars-clouds-clustering,random,10,3,13,0.23076923076923078,3;4;11
mars-clouds-clustering|hard|n10,mars-clouds-clustering,hard,10,3,13,0.23076923076923078,3;4;11
mars-clouds-clustering|random|n20,mars-clouds-clustering,random,20,3,23,0.13043478260869565,5;6;19
mars-clouds-clustering|hard|n20,mars-clouds-clustering,hard,20,3,23,0.13043478260869565,3;4;16
mhc-layer-impl|shared|n0,mhc-layer-impl,shared,0,3,3,1.0,1;2;3
mhc-layer-impl|random|n2,mhc-layer-impl,random,2,3,5,0.6,2;3;4
mhc-layer-impl|hard|n2,mhc-layer-impl,hard,2,3,5,0.6,2;3;4
mhc-layer-impl|random|n5,mhc-layer-impl,random,5,3,8,0.375,2;3;5
mhc-layer-impl|hard|n5,mhc-layer-impl,hard,5,3,8,0.375,2;4;5
mhc-layer-impl|random|n10,mhc-layer-impl,random,10,3,13,0.23076923076923078,3;4;6
mhc-layer-impl|hard|n10,mhc-layer-impl,hard,10,3,13,0.23076923076923078,5;7;8
mhc-layer-impl|random|n20,mhc-layer-impl,random,20,3,23,0.13043478260869565,7;8;10
mhc-layer-impl|hard|n20,mhc-layer-impl,hard,20,3,23,0.13043478260869565,8;10;12
multilingual-video-dubbing|shared|n0,multilingual-video-dubbing,shared,0,6,6,1.0,1;2;3;4;5;6
multilingual-video-dubbing|random|n2,multilingual-video-dubbing,random,2,6,8,0.75,1;2;3;4;5;8
multilingual-video-dubbing|hard|n2,multilingual-video-dubbing,hard,2,6,8,0.75,1;2;3;5;7;8
multilingual-video-dubbing|random|n5,multilingual-video-dubbing,random,5,6,11,0.5454545454545454,1;2;3;4;5;11
multilingual-video-dubbing|hard|n5,multilingual-video-dubbing,hard,5,6,11,0.5454545454545454,2;3;4;8;10;11
multilingual-video-dubbing|random|n10,multilingual-video-dubbing,random,10,6,16,0.375,2;5;6;7;8;15
multilingual-video-dubbing|hard|n10,multilingual-video-dubbing,hard,10,6,16,0.375,3;4;6;10;12;16
multilingual-video-dubbing|random|n20,multilingual-video-dubbing,random,20,6,26,0.23076923076923078,2;9;10;13;15;25
multilingual-video-dubbing|hard|n20,multilingual-video-dubbing,hard,20,6,26,0.23076923076923078,5;11;13;18;21;26
offer-letter-generator|shared|n0,offer-letter-generator,shared,0,1,1,1.0,1
offer-letter-generator|random|n2,offer-letter-generator,random,2,1,3,0.3333333333333333,1
offer-letter-generator|hard|n2,offer-letter-generator,hard,2,1,3,0.3333333333333333,2
offer-letter-generator|random|n5,offer-letter-generator,random,5,1,6,0.16666666666666666,3
offer-letter-generator|hard|n5,offer-letter-generator,hard,5,1,6,0.16666666666666666,4
offer-letter-generator|random|n10,offer-letter-generator,random,10,1,11,0.09090909090909091,7
offer-letter-generator|hard|n10,offer-letter-generator,hard,10,1,11,0.09090909090909091,7
offer-letter-generator|random|n20,offer-letter-generator,random,20,1,21,0.047619047619047616,11
offer-letter-generator|hard|n20,offer-letter-generator,hard,20,1,21,0.047619047619047616,9
organize-messy-files|shared|n0,organize-messy-files,shared,0,5,5,1.0,1;2;3;4;5
organize-messy-files|random|n2,organize-messy-files,random,2,5,7,0.7142857142857143,1;4;5;6;7
organize-messy-files|hard|n2,organize-messy-files,hard,2,5,7,0.7142857142857143,1;3;4;5;6
organize-messy-files|random|n5,organize-messy-files,random,5,5,10,0.5,1;7;8;9;10
organize-messy-files|hard|n5,organize-messy-files,hard,5,5,10,0.5,1;5;6;7;9
organize-messy-files|random|n10,organize-messy-files,random,10,5,15,0.3333333333333333,1;9;10;12;14
organize-messy-files|hard|n10,organize-messy-files,hard,10,5,15,0.3333333333333333,1;10;11;12;14
organize-messy-files|random|n20,organize-messy-files,random,20,5,25,0.2,4;15;16;18;24
organize-messy-files|hard|n20,organize-messy-files,hard,20,5,25,0.2,4;17;18;21;24
paper-anonymizer|shared|n0,paper-anonymizer,shared,0,2,2,1.0,1;2
paper-anonymizer|random|n2,paper-anonymizer,random,2,2,4,0.5,1;2
paper-anonymizer|hard|n2,paper-anonymizer,hard,2,2,4,0.5,1;2
paper-anonymizer|random|n5,paper-anonymizer,random,5,2,7,0.2857142857142857,1;5
paper-anonymizer|hard|n5,paper-anonymizer,hard,5,2,7,0.2857142857142857,2;4
paper-anonymizer|random|n10,paper-anonymizer,random,10,2,12,0.16666666666666666,5;10
paper-anonymizer|hard|n10,paper-anonymizer,hard,10,2,12,0.16666666666666666,5;8
paper-anonymizer|random|n20,paper-anonymizer,random,20,2,22,0.09090909090909091,7;13
paper-anonymizer|hard|n20,paper-anonymizer,hard,20,2,22,0.09090909090909091,9;16
parallel-tfidf-search|shared|n0,parallel-tfidf-search,shared,0,3,3,1.0,1;2;3
parallel-tfidf-search|random|n2,parallel-tfidf-search,random,2,3,5,0.6,2;3;4
parallel-tfidf-search|hard|n2,parallel-tfidf-search,hard,2,3,5,0.6,2;3;4
parallel-tfidf-search|random|n5,parallel-tfidf-search,random,5,3,8,0.375,2;5;6
parallel-tfidf-search|hard|n5,parallel-tfidf-search,hard,5,3,8,0.375,3;5;6
parallel-tfidf-search|random|n10,parallel-tfidf-search,random,10,3,13,0.23076923076923078,3;9;10
parallel-tfidf-search|hard|n10,parallel-tfidf-search,hard,10,3,13,0.23076923076923078,3;7;11
parallel-tfidf-search|random|n20,parallel-tfidf-search,random,20,3,23,0.13043478260869565,6;13;15
parallel-tfidf-search|hard|n20,parallel-tfidf-search,hard,20,3,23,0.13043478260869565,6;12;17
pddl-tpp-planning|shared|n0,pddl-tpp-planning,shared,0,1,1,1.0,1
pddl-tpp-planning|random|n2,pddl-tpp-planning,random,2,1,3,0.3333333333333333,2
pddl-tpp-planning|hard|n2,pddl-tpp-planning,hard,2,1,3,0.3333333333333333,1
pddl-tpp-planning|random|n5,pddl-tpp-planning,random,5,1,6,0.16666666666666666,2
pddl-tpp-planning|hard|n5,pddl-tpp-planning,hard,5,1,6,0.16666666666666666,2
pddl-tpp-planning|random|n10,pddl-tpp-planning,random,10,1,11,0.09090909090909091,3
pddl-tpp-planning|hard|n10,pddl-tpp-planning,hard,10,1,11,0.09090909090909091,3
pddl-tpp-planning|random|n20,pddl-tpp-planning,random,20,1,21,0.047619047619047616,4
pddl-tpp-planning|hard|n20,pddl-tpp-planning,hard,20,1,21,0.047619047619047616,5
pdf-excel-diff|shared|n0,pdf-excel-diff,shared,0,2,2,1.0,1;2
pdf-excel-diff|random|n2,pdf-excel-diff,random,2,2,4,0.5,1;2
pdf-excel-diff|hard|n2,pdf-excel-diff,hard,2,2,4,0.5,1;2
pdf-excel-diff|random|n5,pdf-excel-diff,random,5,2,7,0.2857142857142857,1;2
pdf-excel-diff|hard|n5,pdf-excel-diff,hard,5,2,7,0.2857142857142857,1;2
pdf-excel-diff|random|n10,pdf-excel-diff,random,10,2,12,0.16666666666666666,1;2
pdf-excel-diff|hard|n10,pdf-excel-diff,hard,10,2,12,0.16666666666666666,1;4
pdf-excel-diff|random|n20,pdf-excel-diff,random,20,2,22,0.09090909090909091,1;2
pdf-excel-diff|hard|n20,pdf-excel-diff,hard,20,2,22,0.09090909090909091,1;6
pedestrian-traffic-counting|shared|n0,pedestrian-traffic-counting,shared,0,4,4,1.0,1;2;3;4
pedestrian-traffic-counting|random|n2,pedestrian-traffic-counting,random,2,4,6,0.6666666666666666,2;4;5;6
pedestrian-traffic-counting|hard|n2,pedestrian-traffic-counting,hard,2,4,6,0.6666666666666666,1;2;3;6
pedestrian-traffic-counting|random|n5,pedestrian-traffic-counting,random,5,4,9,0.4444444444444444,2;5;6;9
pedestrian-traffic-counting|hard|n5,pedestrian-traffic-counting,hard,5,4,9,0.4444444444444444,1;3;4;9
pedestrian-traffic-counting|random|n10,pedestrian-traffic-counting,random,10,4,14,0.2857142857142857,4;9;10;14
pedestrian-traffic-counting|hard|n10,pedestrian-traffic-counting,hard,10,4,14,0.2857142857142857,1;5;6;14
pedestrian-traffic-counting|random|n20,pedestrian-traffic-counting,random,20,4,24,0.16666666666666666,8;16;17;23
pedestrian-traffic-counting|hard|n20,pedestrian-traffic-counting,hard,20,4,24,0.16666666666666666,2;10;11;24
pg-essay-to-audiobook|shared|n0,pg-essay-to-audiobook,shared,0,4,4,1.0,1;2;3;4
pg-essay-to-audiobook|random|n2,pg-essay-to-audiobook,random,2,4,6,0.6666666666666666,2;3;4;5
pg-essay-to-audiobook|hard|n2,pg-essay-to-audiobook,hard,2,4,6,0.6666666666666666,1;4;5;6
pg-essay-to-audiobook|random|n5,pg-essay-to-audiobook,random,5,4,9,0.4444444444444444,2;5;6;7
pg-essay-to-audiobook|hard|n5,pg-essay-to-audiobook,hard,5,4,9,0.4444444444444444,1;5;8;9
pg-essay-to-audiobook|random|n10,pg-essay-to-audiobook,random,10,4,14,0.2857142857142857,3;8;10;11
pg-essay-to-audiobook|hard|n10,pg-essay-to-audiobook,hard,10,4,14,0.2857142857142857,1;10;13;14
pg-essay-to-audiobook|random|n20,pg-essay-to-audiobook,random,20,4,24,0.16666666666666666,6;14;18;19
pg-essay-to-audiobook|hard|n20,pg-essay-to-audiobook,hard,20,4,24,0.16666666666666666,2;16;22;23
powerlifting-coef-calc|shared|n0,powerlifting-coef-calc,shared,0,3,3,1.0,1;2;3
powerlifting-coef-calc|random|n2,powerlifting-coef-calc,random,2,3,5,0.6,2;3;4
powerlifting-coef-calc|hard|n2,powerlifting-coef-calc,hard,2,3,5,0.6,2;3;4
powerlifting-coef-calc|random|n5,powerlifting-coef-calc,random,5,3,8,0.375,3;4;7
powerlifting-coef-calc|hard|n5,powerlifting-coef-calc,hard,5,3,8,0.375,3;4;7
powerlifting-coef-calc|random|n10,powerlifting-coef-calc,random,10,3,13,0.23076923076923078,3;4;10
powerlifting-coef-calc|hard|n10,powerlifting-coef-calc,hard,10,3,13,0.23076923076923078,4;5;10
powerlifting-coef-calc|random|n20,powerlifting-coef-calc,random,20,3,23,0.13043478260869565,6;7;16
powerlifting-coef-calc|hard|n20,powerlifting-coef-calc,hard,20,3,23,0.13043478260869565,6;7;18
pptx-reference-formatting|shared|n0,pptx-reference-formatting,shared,0,1,1,1.0,1
pptx-reference-formatting|random|n2,pptx-reference-formatting,random,2,1,3,0.3333333333333333,3
pptx-reference-formatting|hard|n2,pptx-reference-formatting,hard,2,1,3,0.3333333333333333,3
pptx-reference-formatting|random|n5,pptx-reference-formatting,random,5,1,6,0.16666666666666666,6
pptx-reference-formatting|hard|n5,pptx-reference-formatting,hard,5,1,6,0.16666666666666666,6
pptx-reference-formatting|random|n10,pptx-reference-formatting,random,10,1,11,0.09090909090909091,11
pptx-reference-formatting|hard|n10,pptx-reference-formatting,hard,10,1,11,0.09090909090909091,10
pptx-reference-formatting|random|n20,pptx-reference-formatting,random,20,1,21,0.047619047619047616,21
pptx-reference-formatting|hard|n20,pptx-reference-formatting,hard,20,1,21,0.047619047619047616,20
protein-expression-analysis|shared|n0,protein-expression-analysis,shared,0,1,1,1.0,1
protein-expression-analysis|random|n2,protein-expression-analysis,random,2,1,3,0.3333333333333333,1
protein-expression-analysis|hard|n2,protein-expression-analysis,hard,2,1,3,0.3333333333333333,2
protein-expression-analysis|random|n5,protein-expression-analysis,random,5,1,6,0.16666666666666666,2
protein-expression-analysis|hard|n5,protein-expression-analysis,hard,5,1,6,0.16666666666666666,2
protein-expression-analysis|random|n10,protein-expression-analysis,random,10,1,11,0.09090909090909091,3
protein-expression-analysis|hard|n10,protein-expression-analysis,hard,10,1,11,0.09090909090909091,3
protein-expression-analysis|random|n20,protein-expression-analysis,random,20,1,21,0.047619047619047616,6
protein-expression-analysis|hard|n20,protein-expression-analysis,hard,20,1,21,0.047619047619047616,8
python-scala-translation|shared|n0,python-scala-translation,shared,0,6,6,1.0,1;2;3;4;5;6
python-scala-translation|random|n2,python-scala-translation,random,2,6,8,0.75,1;4;5;6;7;8
python-scala-translation|hard|n2,python-scala-translation,hard,2,6,8,0.75,2;3;4;5;6;8
python-scala-translation|random|n5,python-scala-translation,random,5,6,11,0.5454545454545454,1;4;5;7;9;11
python-scala-translation|hard|n5,python-scala-translation,hard,5,6,11,0.5454545454545454,3;4;5;8;9;11
python-scala-translation|random|n10,python-scala-translation,random,10,6,16,0.375,1;5;8;11;13;15
python-scala-translation|hard|n10,python-scala-translation,hard,10,6,16,0.375,3;4;5;11;12;16
python-scala-translation|random|n20,python-scala-translation,random,20,6,26,0.23076923076923078,4;10;13;19;21;25
python-scala-translation|hard|n20,python-scala-translation,hard,20,6,26,0.23076923076923078,4;7;8;18;19;26
quantum-numerical-simulation|shared|n0,quantum-numerical-simulation,shared,0,1,1,1.0,1
quantum-numerical-simulation|random|n2,quantum-numerical-simulation,random,2,1,3,0.3333333333333333,2
quantum-numerical-simulation|hard|n2,quantum-numerical-simulation,hard,2,1,3,0.3333333333333333,2
quantum-numerical-simulation|random|n5,quantum-numerical-simulation,random,5,1,6,0.16666666666666666,3
quantum-numerical-simulation|hard|n5,quantum-numerical-simulation,hard,5,1,6,0.16666666666666666,4
quantum-numerical-simulation|random|n10,quantum-numerical-simulation,random,10,1,11,0.09090909090909091,7
quantum-numerical-simulation|hard|n10,quantum-numerical-simulation,hard,10,1,11,0.09090909090909091,7
quantum-numerical-simulation|random|n20,quantum-numerical-simulation,random,20,1,21,0.047619047619047616,12
quantum-numerical-simulation|hard|n20,quantum-numerical-simulation,hard,20,1,21,0.047619047619047616,14
r2r-mpc-control|shared|n0,r2r-mpc-control,shared,0,4,4,1.0,1;2;3;4
r2r-mpc-control|random|n2,r2r-mpc-control,random,2,4,6,0.6666666666666666,1;2;3;4
r2r-mpc-control|hard|n2,r2r-mpc-control,hard,2,4,6,0.6666666666666666,1;2;3;4
r2r-mpc-control|random|n5,r2r-mpc-control,random,5,4,9,0.4444444444444444,1;3;4;5
r2r-mpc-control|hard|n5,r2r-mpc-control,hard,5,4,9,0.4444444444444444,1;2;3;6
r2r-mpc-control|random|n10,r2r-mpc-control,random,10,4,14,0.2857142857142857,2;5;6;8
r2r-mpc-control|hard|n10,r2r-mpc-control,hard,10,4,14,0.2857142857142857,3;4;5;9
r2r-mpc-control|random|n20,r2r-mpc-control,random,20,4,24,0.16666666666666666,2;7;8;14
r2r-mpc-control|hard|n20,r2r-mpc-control,hard,20,4,24,0.16666666666666666,4;8;9;15
react-performance-debugging|shared|n0,react-performance-debugging,shared,0,2,2,1.0,1;2
react-performance-debugging|random|n2,react-performance-debugging,random,2,2,4,0.5,1;4
react-performance-debugging|hard|n2,react-performance-debugging,hard,2,2,4,0.5,1;4
react-performance-debugging|random|n5,react-performance-debugging,random,5,2,7,0.2857142857142857,2;7
react-performance-debugging|hard|n5,react-performance-debugging,hard,5,2,7,0.2857142857142857,1;7
react-performance-debugging|random|n10,react-performance-debugging,random,10,2,12,0.16666666666666666,2;12
react-performance-debugging|hard|n10,react-performance-debugging,hard,10,2,12,0.16666666666666666,1;12
react-performance-debugging|random|n20,react-performance-debugging,random,20,2,22,0.09090909090909091,2;21
react-performance-debugging|hard|n20,react-performance-debugging,hard,20,2,22,0.09090909090909091,1;22
reserves-at-risk-calc|shared|n0,reserves-at-risk-calc,shared,0,1,1,1.0,1
reserves-at-risk-calc|random|n2,reserves-at-risk-calc,random,2,1,3,0.3333333333333333,1
reserves-at-risk-calc|hard|n2,reserves-at-risk-calc,hard,2,1,3,0.3333333333333333,3
reserves-at-risk-calc|random|n5,reserves-at-risk-calc,random,5,1,6,0.16666666666666666,3
reserves-at-risk-calc|hard|n5,reserves-at-risk-calc,hard,5,1,6,0.16666666666666666,5
reserves-at-risk-calc|random|n10,reserves-at-risk-calc,random,10,1,11,0.09090909090909091,7
reserves-at-risk-calc|hard|n10,reserves-at-risk-calc,hard,10,1,11,0.09090909090909091,9
reserves-at-risk-calc|random|n20,reserves-at-risk-calc,random,20,1,21,0.047619047619047616,14
reserves-at-risk-calc|hard|n20,reserves-at-risk-calc,hard,20,1,21,0.047619047619047616,16
sales-pivot-analysis|shared|n0,sales-pivot-analysis,shared,0,2,2,1.0,1;2
sales-pivot-analysis|random|n2,sales-pivot-analysis,random,2,2,4,0.5,2;4
sales-pivot-analysis|hard|n2,sales-pivot-analysis,hard,2,2,4,0.5,2;3
sales-pivot-analysis|random|n5,sales-pivot-analysis,random,5,2,7,0.2857142857142857,3;6
sales-pivot-analysis|hard|n5,sales-pivot-analysis,hard,5,2,7,0.2857142857142857,4;5
sales-pivot-analysis|random|n10,sales-pivot-analysis,random,10,2,12,0.16666666666666666,6;11
sales-pivot-analysis|hard|n10,sales-pivot-analysis,hard,10,2,12,0.16666666666666666,6;9
sales-pivot-analysis|random|n20,sales-pivot-analysis,random,20,2,22,0.09090909090909091,11;18
sales-pivot-analysis|hard|n20,sales-pivot-analysis,hard,20,2,22,0.09090909090909091,10;18
scheduling-email-assistant|shared|n0,scheduling-email-assistant,shared,0,2,2,1.0,1;2
scheduling-email-assistant|random|n2,scheduling-email-assistant,random,2,2,4,0.5,1;3
scheduling-email-assistant|hard|n2,scheduling-email-assistant,hard,2,2,4,0.5,2;3
scheduling-email-assistant|random|n5,scheduling-email-assistant,random,5,2,7,0.2857142857142857,1;4
scheduling-email-assistant|hard|n5,scheduling-email-assistant,hard,5,2,7,0.2857142857142857,2;4
scheduling-email-assistant|random|n10,scheduling-email-assistant,random,10,2,12,0.16666666666666666,3;8
scheduling-email-assistant|hard|n10,scheduling-email-assistant,hard,10,2,12,0.16666666666666666,3;8
scheduling-email-assistant|random|n20,scheduling-email-assistant,random,20,2,22,0.09090909090909091,7;15
scheduling-email-assistant|hard|n20,scheduling-email-assistant,hard,20,2,22,0.09090909090909091,8;16
sec-financial-report|shared|n0,sec-financial-report,shared,0,2,2,1.0,1;2
sec-financial-report|random|n2,sec-financial-report,random,2,2,4,0.5,1;3
sec-financial-report|hard|n2,sec-financial-report,hard,2,2,4,0.5,1;2
sec-financial-report|random|n5,sec-financial-report,random,5,2,7,0.2857142857142857,1;4
sec-financial-report|hard|n5,sec-financial-report,hard,5,2,7,0.2857142857142857,1;3
sec-financial-report|random|n10,sec-financial-report,random,10,2,12,0.16666666666666666,2;6
sec-financial-report|hard|n10,sec-financial-report,hard,10,2,12,0.16666666666666666,1;5
sec-financial-report|random|n20,sec-financial-report,random,20,2,22,0.09090909090909091,2;11
sec-financial-report|hard|n20,sec-financial-report,hard,20,2,22,0.09090909090909091,1;10
seismic-phase-picking|shared|n0,seismic-phase-picking,shared,0,4,4,1.0,1;2;3;4
seismic-phase-picking|random|n2,seismic-phase-picking,random,2,4,6,0.6666666666666666,1;2;3;5
seismic-phase-picking|hard|n2,seismic-phase-picking,hard,2,4,6,0.6666666666666666,1;4;5;6
seismic-phase-picking|random|n5,seismic-phase-picking,random,5,4,9,0.4444444444444444,1;2;3;5
seismic-phase-picking|hard|n5,seismic-phase-picking,hard,5,4,9,0.4444444444444444,2;5;7;8
seismic-phase-picking|random|n10,seismic-phase-picking,random,10,4,14,0.2857142857142857,1;3;6;9
seismic-phase-picking|hard|n10,seismic-phase-picking,hard,10,4,14,0.2857142857142857,3;6;9;10
seismic-phase-picking|random|n20,seismic-phase-picking,random,20,4,24,0.16666666666666666,2;7;14;18
seismic-phase-picking|hard|n20,seismic-phase-picking,hard,20,4,24,0.16666666666666666,6;13;17;19
setup-fuzzing-py|shared|n0,setup-fuzzing-py,shared,0,3,3,1.0,1;2;3
setup-fuzzing-py|random|n2,setup-fuzzing-py,random,2,3,5,0.6,1;3;5
setup-fuzzing-py|hard|n2,setup-fuzzing-py,hard,2,3,5,0.6,1;4;5
setup-fuzzing-py|random|n5,setup-fuzzing-py,random,5,3,8,0.375,1;5;7
setup-fuzzing-py|hard|n5,setup-fuzzing-py,hard,5,3,8,0.375,2;6;7
setup-fuzzing-py|random|n10,setup-fuzzing-py,random,10,3,13,0.23076923076923078,1;9;11
setup-fuzzing-py|hard|n10,setup-fuzzing-py,hard,10,3,13,0.23076923076923078,3;10;11
setup-fuzzing-py|random|n20,setup-fuzzing-py,random,20,3,23,0.13043478260869565,1;15;18
setup-fuzzing-py|hard|n20,setup-fuzzing-py,hard,20,3,23,0.13043478260869565,3;17;20
shock-analysis-demand|shared|n0,shock-analysis-demand,shared,0,1,1,1.0,1
shock-analysis-demand|random|n2,shock-analysis-demand,random,2,1,3,0.3333333333333333,3
shock-analysis-demand|hard|n2,shock-analysis-demand,hard,2,1,3,0.3333333333333333,2
shock-analysis-demand|random|n5,shock-analysis-demand,random,5,1,6,0.16666666666666666,6
shock-analysis-demand|hard|n5,shock-analysis-demand,hard,5,1,6,0.16666666666666666,5
shock-analysis-demand|random|n10,shock-analysis-demand,random,10,1,11,0.09090909090909091,9
shock-analysis-demand|hard|n10,shock-analysis-demand,hard,10,1,11,0.09090909090909091,10
shock-analysis-demand|random|n20,shock-analysis-demand,random,20,1,21,0.047619047619047616,18
shock-analysis-demand|hard|n20,shock-analysis-demand,hard,20,1,21,0.047619047619047616,19
shock-analysis-supply|shared|n0,shock-analysis-supply,shared,0,1,1,1.0,1
shock-analysis-supply|random|n2,shock-analysis-supply,random,2,1,3,0.3333333333333333,2
shock-analysis-supply|hard|n2,shock-analysis-supply,hard,2,1,3,0.3333333333333333,2
shock-analysis-supply|random|n5,shock-analysis-supply,random,5,1,6,0.16666666666666666,2
shock-analysis-supply|hard|n5,shock-analysis-supply,hard,5,1,6,0.16666666666666666,3
shock-analysis-supply|random|n10,shock-analysis-supply,random,10,1,11,0.09090909090909091,5
shock-analysis-supply|hard|n10,shock-analysis-supply,hard,10,1,11,0.09090909090909091,4
shock-analysis-supply|random|n20,shock-analysis-supply,random,20,1,21,0.047619047619047616,8
shock-analysis-supply|hard|n20,shock-analysis-supply,hard,20,1,21,0.047619047619047616,10
simpo-code-reproduction|shared|n0,simpo-code-reproduction,shared,0,2,2,1.0,1;2
simpo-code-reproduction|random|n2,simpo-code-reproduction,random,2,2,4,0.5,3;4
simpo-code-reproduction|hard|n2,simpo-code-reproduction,hard,2,2,4,0.5,1;3
simpo-code-reproduction|random|n5,simpo-code-reproduction,random,5,2,7,0.2857142857142857,6;7
simpo-code-reproduction|hard|n5,simpo-code-reproduction,hard,5,2,7,0.2857142857142857,1;4
simpo-code-reproduction|random|n10,simpo-code-reproduction,random,10,2,12,0.16666666666666666,8;9
simpo-code-reproduction|hard|n10,simpo-code-reproduction,hard,10,2,12,0.16666666666666666,2;6
simpo-code-reproduction|random|n20,simpo-code-reproduction,random,20,2,22,0.09090909090909091,15;16
simpo-code-reproduction|hard|n20,simpo-code-reproduction,hard,20,2,22,0.09090909090909091,6;10
software-dependency-audit|shared|n0,software-dependency-audit,shared,0,3,3,1.0,1;2;3
software-dependency-audit|random|n2,software-dependency-audit,random,2,3,5,0.6,2;3;4
software-dependency-audit|hard|n2,software-dependency-audit,hard,2,3,5,0.6,2;3;4
software-dependency-audit|random|n5,software-dependency-audit,random,5,3,8,0.375,2;3;5
software-dependency-audit|hard|n5,software-dependency-audit,hard,5,3,8,0.375,3;5;6
software-dependency-audit|random|n10,software-dependency-audit,random,10,3,13,0.23076923076923078,5;7;9
software-dependency-audit|hard|n10,software-dependency-audit,hard,10,3,13,0.23076923076923078,6;8;9
software-dependency-audit|random|n20,software-dependency-audit,random,20,3,23,0.13043478260869565,8;11;15
software-dependency-audit|hard|n20,software-dependency-audit,hard,20,3,23,0.13043478260869565,10;12;16
speaker-diarization-subtitles|shared|n0,speaker-diarization-subtitles,shared,0,4,4,1.0,1;2;3;4
speaker-diarization-subtitles|random|n2,speaker-diarization-subtitles,random,2,4,6,0.6666666666666666,1;2;5;6
speaker-diarization-subtitles|hard|n2,speaker-diarization-subtitles,hard,2,4,6,0.6666666666666666,1;2;4;5
speaker-diarization-subtitles|random|n5,speaker-diarization-subtitles,random,5,4,9,0.4444444444444444,2;3;7;9
speaker-diarization-subtitles|hard|n5,speaker-diarization-subtitles,hard,5,4,9,0.4444444444444444,2;3;6;7
speaker-diarization-subtitles|random|n10,speaker-diarization-subtitles,random,10,4,14,0.2857142857142857,2;3;10;13
speaker-diarization-subtitles|hard|n10,speaker-diarization-subtitles,hard,10,4,14,0.2857142857142857,2;3;9;11
speaker-diarization-subtitles|random|n20,speaker-diarization-subtitles,random,20,4,24,0.16666666666666666,3;5;17;22
speaker-diarization-subtitles|hard|n20,speaker-diarization-subtitles,hard,20,4,24,0.16666666666666666,2;3;14;20
spring-boot-jakarta-migration|shared|n0,spring-boot-jakarta-migration,shared,0,5,5,1.0,1;2;3;4;5
spring-boot-jakarta-migration|random|n2,spring-boot-jakarta-migration,random,2,5,7,0.7142857142857143,1;2;4;6;7
spring-boot-jakarta-migration|hard|n2,spring-boot-jakarta-migration,hard,2,5,7,0.7142857142857143,1;2;3;6;7
spring-boot-jakarta-migration|random|n5,spring-boot-jakarta-migration,random,5,5,10,0.5,1;2;4;6;9
spring-boot-jakarta-migration|hard|n5,spring-boot-jakarta-migration,hard,5,5,10,0.5,1;2;3;7;9
spring-boot-jakarta-migration|random|n10,spring-boot-jakarta-migration,random,10,5,15,0.3333333333333333,1;3;5;9;12
spring-boot-jakarta-migration|hard|n10,spring-boot-jakarta-migration,hard,10,5,15,0.3333333333333333,1;2;4;10;14
spring-boot-jakarta-migration|random|n20,spring-boot-jakarta-migration,random,20,5,25,0.2,2;4;7;14;18
spring-boot-jakarta-migration|hard|n20,spring-boot-jakarta-migration,hard,20,5,25,0.2,2;6;8;15;21
suricata-custom-exfil|shared|n0,suricata-custom-exfil,shared,0,3,3,1.0,1;2;3
suricata-custom-exfil|random|n2,suricata-custom-exfil,random,2,3,5,0.6,2;3;5
suricata-custom-exfil|hard|n2,suricata-custom-exfil,hard,2,3,5,0.6,1;2;4
suricata-custom-exfil|random|n5,suricata-custom-exfil,random,5,3,8,0.375,3;4;8
suricata-custom-exfil|hard|n5,suricata-custom-exfil,hard,5,3,8,0.375,3;4;7
suricata-custom-exfil|random|n10,suricata-custom-exfil,random,10,3,13,0.23076923076923078,4;5;12
suricata-custom-exfil|hard|n10,suricata-custom-exfil,hard,10,3,13,0.23076923076923078,6;7;12
suricata-custom-exfil|random|n20,suricata-custom-exfil,random,20,3,23,0.13043478260869565,5;6;18
suricata-custom-exfil|hard|n20,suricata-custom-exfil,hard,20,3,23,0.13043478260869565,12;13;22
syzkaller-ppdev-syzlang|shared|n0,syzkaller-ppdev-syzlang,shared,0,3,3,1.0,1;2;3
syzkaller-ppdev-syzlang|random|n2,syzkaller-ppdev-syzlang,random,2,3,5,0.6,1;2;5
syzkaller-ppdev-syzlang|hard|n2,syzkaller-ppdev-syzlang,hard,2,3,5,0.6,1;2;5
syzkaller-ppdev-syzlang|random|n5,syzkaller-ppdev-syzlang,random,5,3,8,0.375,1;3;7
syzkaller-ppdev-syzlang|hard|n5,syzkaller-ppdev-syzlang,hard,5,3,8,0.375,1;2;7
syzkaller-ppdev-syzlang|random|n10,syzkaller-ppdev-syzlang,random,10,3,13,0.23076923076923078,2;4;12
syzkaller-ppdev-syzlang|hard|n10,syzkaller-ppdev-syzlang,hard,10,3,13,0.23076923076923078,1;2;12
syzkaller-ppdev-syzlang|random|n20,syzkaller-ppdev-syzlang,random,20,3,23,0.13043478260869565,3;7;22
syzkaller-ppdev-syzlang|hard|n20,syzkaller-ppdev-syzlang,hard,20,3,23,0.13043478260869565,2;5;20
taxonomy-tree-merge|shared|n0,taxonomy-tree-merge,shared,0,1,1,1.0,1
taxonomy-tree-merge|random|n2,taxonomy-tree-merge,random,2,1,3,0.3333333333333333,3
taxonomy-tree-merge|hard|n2,taxonomy-tree-merge,hard,2,1,3,0.3333333333333333,3
taxonomy-tree-merge|random|n5,taxonomy-tree-merge,random,5,1,6,0.16666666666666666,5
taxonomy-tree-merge|hard|n5,taxonomy-tree-merge,hard,5,1,6,0.16666666666666666,5
taxonomy-tree-merge|random|n10,taxonomy-tree-merge,random,10,1,11,0.09090909090909091,10
taxonomy-tree-merge|hard|n10,taxonomy-tree-merge,hard,10,1,11,0.09090909090909091,9
taxonomy-tree-merge|random|n20,taxonomy-tree-merge,random,20,1,21,0.047619047619047616,19
taxonomy-tree-merge|hard|n20,taxonomy-tree-merge,hard,20,1,21,0.047619047619047616,19
threejs-structure-parser|shared|n0,threejs-structure-parser,shared,0,2,2,1.0,1;2
threejs-structure-parser|random|n2,threejs-structure-parser,random,2,2,4,0.5,3;4
threejs-structure-parser|hard|n2,threejs-structure-parser,hard,2,2,4,0.5,2;4
threejs-structure-parser|random|n5,threejs-structure-parser,random,5,2,7,0.2857142857142857,5;6
threejs-structure-parser|hard|n5,threejs-structure-parser,hard,5,2,7,0.2857142857142857,4;6
threejs-structure-parser|random|n10,threejs-structure-parser,random,10,2,12,0.16666666666666666,9;10
threejs-structure-parser|hard|n10,threejs-structure-parser,hard,10,2,12,0.16666666666666666,7;10
threejs-structure-parser|random|n20,threejs-structure-parser,random,20,2,22,0.09090909090909091,19;20
threejs-structure-parser|hard|n20,threejs-structure-parser,hard,20,2,22,0.09090909090909091,14;17
threejs-to-obj|shared|n0,threejs-to-obj,shared,0,2,2,1.0,1;2
threejs-to-obj|random|n2,threejs-to-obj,random,2,2,4,0.5,1;2
threejs-to-obj|hard|n2,threejs-to-obj,hard,2,2,4,0.5,2;3
threejs-to-obj|random|n5,threejs-to-obj,random,5,2,7,0.2857142857142857,2;3
threejs-to-obj|hard|n5,threejs-to-obj,hard,5,2,7,0.2857142857142857,3;4
threejs-to-obj|random|n10,threejs-to-obj,random,10,2,12,0.16666666666666666,2;4
threejs-to-obj|hard|n10,threejs-to-obj,hard,10,2,12,0.16666666666666666,5;6
threejs-to-obj|random|n20,threejs-to-obj,random,20,2,22,0.09090909090909091,5;10
threejs-to-obj|hard|n20,threejs-to-obj,hard,20,2,22,0.09090909090909091,6;9
travel-planning|shared|n0,travel-planning,shared,0,6,6,1.0,1;2;3;4;5;6
travel-planning|random|n2,travel-planning,random,2,6,8,0.75,1;2;3;4;5;6
travel-planning|hard|n2,travel-planning,hard,2,6,8,0.75,1;2;4;5;6;7
travel-planning|random|n5,travel-planning,random,5,6,11,0.5454545454545454,1;2;3;4;5;6
travel-planning|hard|n5,travel-planning,hard,5,6,11,0.5454545454545454,1;2;5;6;7;8
travel-planning|random|n10,travel-planning,random,10,6,16,0.375,1;2;5;6;7;8
travel-planning|hard|n10,travel-planning,hard,10,6,16,0.375,1;2;6;7;8;9
travel-planning|random|n20,travel-planning,random,20,6,26,0.23076923076923078,1;2;6;7;9;10
travel-planning|hard|n20,travel-planning,hard,20,6,26,0.23076923076923078,1;2;6;7;9;10
trend-anomaly-causal-inference|shared|n0,trend-anomaly-causal-inference,shared,0,4,4,1.0,1;2;3;4
trend-anomaly-causal-inference|random|n2,trend-anomaly-causal-inference,random,2,4,6,0.6666666666666666,1;2;3;5
trend-anomaly-causal-inference|hard|n2,trend-anomaly-causal-inference,hard,2,4,6,0.6666666666666666,1;2;3;5
trend-anomaly-causal-inference|random|n5,trend-anomaly-causal-inference,random,5,4,9,0.4444444444444444,1;2;3;7
trend-anomaly-causal-inference|hard|n5,trend-anomaly-causal-inference,hard,5,4,9,0.4444444444444444,1;3;4;7
trend-anomaly-causal-inference|random|n10,trend-anomaly-causal-inference,random,10,4,14,0.2857142857142857,1;2;5;11
trend-anomaly-causal-inference|hard|n10,trend-anomaly-causal-inference,hard,10,4,14,0.2857142857142857,1;3;6;11
trend-anomaly-causal-inference|random|n20,trend-anomaly-causal-inference,random,20,4,24,0.16666666666666666,2;4;9;19
trend-anomaly-causal-inference|hard|n20,trend-anomaly-causal-inference,hard,20,4,24,0.16666666666666666,1;5;8;18
video-filler-word-remover|shared|n0,video-filler-word-remover,shared,0,3,3,1.0,1;2;3
video-filler-word-remover|random|n2,video-filler-word-remover,random,2,3,5,0.6,2;3;4
video-filler-word-remover|hard|n2,video-filler-word-remover,hard,2,3,5,0.6,1;3;4
video-filler-word-remover|random|n5,video-filler-word-remover,random,5,3,8,0.375,2;4;6
video-filler-word-remover|hard|n5,video-filler-word-remover,hard,5,3,8,0.375,2;5;6
video-filler-word-remover|random|n10,video-filler-word-remover,random,10,3,13,0.23076923076923078,4;7;11
video-filler-word-remover|hard|n10,video-filler-word-remover,hard,10,3,13,0.23076923076923078,2;5;7
video-filler-word-remover|random|n20,video-filler-word-remover,random,20,3,23,0.13043478260869565,5;11;17
video-filler-word-remover|hard|n20,video-filler-word-remover,hard,20,3,23,0.13043478260869565,4;9;12
video-silence-remover|shared|n0,video-silence-remover,shared,0,7,7,1.0,1;2;3;4;5;6;7
video-silence-remover|random|n2,video-silence-remover,random,2,7,9,0.7777777777777778,1;3;4;5;7;8;9
video-silence-remover|hard|n2,video-silence-remover,hard,2,7,9,0.7777777777777778,1;2;3;4;7;8;9
video-silence-remover|random|n5,video-silence-remover,random,5,7,12,0.5833333333333334,1;3;4;5;8;10;12
video-silence-remover|hard|n5,video-silence-remover,hard,5,7,12,0.5833333333333334,1;2;3;4;8;11;12
video-silence-remover|random|n10,video-silence-remover,random,10,7,17,0.4117647058823529,2;4;5;6;12;15;17
video-silence-remover|hard|n10,video-silence-remover,hard,10,7,17,0.4117647058823529,1;3;5;6;11;16;17
video-silence-remover|random|n20,video-silence-remover,random,20,7,27,0.25925925925925924,4;7;9;10;22;25;27
video-silence-remover|hard|n20,video-silence-remover,hard,20,7,27,0.25925925925925924,2;7;9;10;18;25;26
video-tutorial-indexer|shared|n0,video-tutorial-indexer,shared,0,1,1,1.0,1
video-tutorial-indexer|random|n2,video-tutorial-indexer,random,2,1,3,0.3333333333333333,3
video-tutorial-indexer|hard|n2,video-tutorial-indexer,hard,2,1,3,0.3333333333333333,3
video-tutorial-indexer|random|n5,video-tutorial-indexer,random,5,1,6,0.16666666666666666,6
video-tutorial-indexer|hard|n5,video-tutorial-indexer,hard,5,1,6,0.16666666666666666,6
video-tutorial-indexer|random|n10,video-tutorial-indexer,random,10,1,11,0.09090909090909091,10
video-tutorial-indexer|hard|n10,video-tutorial-indexer,hard,10,1,11,0.09090909090909091,9
video-tutorial-indexer|random|n20,video-tutorial-indexer,random,20,1,21,0.047619047619047616,20
video-tutorial-indexer|hard|n20,video-tutorial-indexer,hard,20,1,21,0.047619047619047616,19
virtualhome-agent-planning|shared|n0,virtualhome-agent-planning,shared,0,1,1,1.0,1
virtualhome-agent-planning|random|n2,virtualhome-agent-planning,random,2,1,3,0.3333333333333333,2
virtualhome-agent-planning|hard|n2,virtualhome-agent-planning,hard,2,1,3,0.3333333333333333,3
virtualhome-agent-planning|random|n5,virtualhome-agent-planning,random,5,1,6,0.16666666666666666,5
virtualhome-agent-planning|hard|n5,virtualhome-agent-planning,hard,5,1,6,0.16666666666666666,5
virtualhome-agent-planning|random|n10,virtualhome-agent-planning,random,10,1,11,0.09090909090909091,9
virtualhome-agent-planning|hard|n10,virtualhome-agent-planning,hard,10,1,11,0.09090909090909091,8
virtualhome-agent-planning|random|n20,virtualhome-agent-planning,random,20,1,21,0.047619047619047616,16
virtualhome-agent-planning|hard|n20,virtualhome-agent-planning,hard,20,1,21,0.047619047619047616,17
weighted-gdp-calc|shared|n0,weighted-gdp-calc,shared,0,1,1,1.0,1
weighted-gdp-calc|random|n2,weighted-gdp-calc,random,2,1,3,0.3333333333333333,3
weighted-gdp-calc|hard|n2,weighted-gdp-calc,hard,2,1,3,0.3333333333333333,3
weighted-gdp-calc|random|n5,weighted-gdp-calc,random,5,1,6,0.16666666666666666,6
weighted-gdp-calc|hard|n5,weighted-gdp-calc,hard,5,1,6,0.16666666666666666,6
weighted-gdp-calc|random|n10,weighted-gdp-calc,random,10,1,11,0.09090909090909091,11
weighted-gdp-calc|hard|n10,weighted-gdp-calc,hard,10,1,11,0.09090909090909091,11
weighted-gdp-calc|random|n20,weighted-gdp-calc,random,20,1,21,0.047619047619047616,21
weighted-gdp-calc|hard|n20,weighted-gdp-calc,hard,20,1,21,0.047619047619047616,20
xlsx-recover-data|shared|n0,xlsx-recover-data,shared,0,2,2,1.0,1;2
xlsx-recover-data|random|n2,xlsx-recover-data,random,2,2,4,0.5,2;4
xlsx-recover-data|hard|n2,xlsx-recover-data,hard,2,2,4,0.5,2;3
xlsx-recover-data|random|n5,xlsx-recover-data,random,5,2,7,0.2857142857142857,3;5
xlsx-recover-data|hard|n5,xlsx-recover-data,hard,5,2,7,0.2857142857142857,3;4
xlsx-recover-data|random|n10,xlsx-recover-data,random,10,2,12,0.16666666666666666,3;5
xlsx-recover-data|hard|n10,xlsx-recover-data,hard,10,2,12,0.16666666666666666,5;6
xlsx-recover-data|random|n20,xlsx-recover-data,random,20,2,22,0.09090909090909091,5;7
xlsx-recover-data|hard|n20,xlsx-recover-data,hard,20,2,22,0.09090909090909091,9;10
